Method,Coefficient,Std_Error
Pooled OLS,-0.0022829252562813263,0.0008104581573048237
Firm FE,0.0009231659993223587,0.0007227129244986668
Time FE,1713630882.0955162,
Two-way FE,-0.0020509835130512197,0.00029528315761072446
Double ML,-18.64820377095133,24.266640497436068
IPW,-0.002282925256281286,0.00030189536789943964
